{"cameraMode":{"drawMode":0,"name":"Shaded","section":"Shading Mode"},"sceneLighting":false,"audioPlay":false,"sceneViewState":{"showFog":true,"showMaterialUpdate":true,"showSkybox":false,"showFlares":true,"showImageEffects":true,"showParticleSystems":true},"in2DMode":false,"pivot":{"x":18.78028678894043,"y":-16.185331344604493,"z":0.0},"rotation":{"x":-0.0030441549606621267,"y":0.9918302297592163,"z":0.12564344704151154,"w":0.02596304938197136},"size":128.50662231445313,"orthographic":true}