{"cameraMode":{"drawMode":0,"name":"Shaded","section":"Shading Mode"},"sceneLighting":false,"audioPlay":false,"sceneViewState":{"showFog":true,"showMaterialUpdate":true,"showSkybox":false,"showFlares":true,"showImageEffects":true,"showParticleSystems":true},"in2DMode":false,"pivot":{"x":0.10348495095968247,"y":0.2365184873342514,"z":1.692214012145996},"rotation":{"x":0.020992031320929529,"y":-0.9781510233879089,"z":0.1239042729139328,"w":0.16587816178798676},"size":22.0,"orthographic":true}