{"cameraMode":{"drawMode":0,"name":"Shaded","section":"Shading Mode"},"sceneLighting":false,"audioPlay":false,"sceneViewState":{"showFog":true,"showMaterialUpdate":true,"showSkybox":false,"showFlares":true,"showImageEffects":true,"showParticleSystems":true},"in2DMode":false,"pivot":{"x":-22.8735294342041,"y":-0.0626382827758789,"z":-0.586555004119873},"rotation":{"x":0.29582634568214419,"y":0.11001436412334442,"z":-0.03432077541947365,"w":0.9482660889625549},"size":40.3932991027832,"orthographic":false}