{"cameraMode":{"drawMode":0,"name":"Shaded","section":"Shading Mode"},"sceneLighting":false,"audioPlay":false,"sceneViewState":{"showFog":true,"showMaterialUpdate":true,"showSkybox":false,"showFlares":true,"showImageEffects":true,"showParticleSystems":true},"in2DMode":false,"pivot":{"x":0.0000019073486328125,"y":-1.0500001907348633,"z":83.6956787109375},"rotation":{"x":0.05218134820461273,"y":0.933994472026825,"z":-0.15294188261032105,"w":0.3186648488044739},"size":296.1279296875,"orthographic":false}