{"cameraMode":{"drawMode":0,"name":"Shaded","section":"Shading Mode"},"sceneLighting":false,"audioPlay":false,"sceneViewState":{"showFog":true,"showMaterialUpdate":true,"showSkybox":false,"showFlares":true,"showImageEffects":true,"showParticleSystems":true},"in2DMode":false,"pivot":{"x":-17.13827133178711,"y":-0.0626382827758789,"z":-9.5367431640625e-7},"rotation":{"x":-0.020100675523281099,"y":0.0014997976832091809,"z":0.000029351220291573554,"w":0.9998007416725159},"size":66.84239959716797,"orthographic":false}