{"cameraMode":{"drawMode":0,"name":"Shaded","section":"Shading Mode"},"sceneLighting":false,"audioPlay":false,"sceneViewState":{"showFog":true,"showMaterialUpdate":true,"showSkybox":false,"showFlares":true,"showImageEffects":true,"showParticleSystems":true},"in2DMode":false,"pivot":{"x":22.121299743652345,"y":-20.665700912475587,"z":-9.5367431640625e-7},"rotation":{"x":-0.004104654770344496,"y":0.9920463562011719,"z":0.12114420533180237,"w":0.03640394285321236},"size":102.3243408203125,"orthographic":true}