{"cameraMode":{"drawMode":0,"name":"Shaded","section":"Shading Mode"},"sceneLighting":false,"audioPlay":false,"sceneViewState":{"showFog":true,"showMaterialUpdate":true,"showSkybox":false,"showFlares":true,"showImageEffects":true,"showParticleSystems":true},"in2DMode":false,"pivot":{"x":0.0,"y":-11.142753601074219,"z":51.1197395324707},"rotation":{"x":-0.014999397099018097,"y":-0.002398031298071146,"z":-0.000035972712794318795,"w":0.999884843826294},"size":280.1270446777344,"orthographic":true}