{"cameraMode":{"drawMode":0,"name":"Shaded","section":"Shading Mode"},"sceneLighting":false,"audioPlay":false,"sceneViewState":{"showFog":true,"showMaterialUpdate":true,"showSkybox":false,"showFlares":true,"showImageEffects":true,"showParticleSystems":true},"in2DMode":false,"pivot":{"x":42.70000076293945,"y":0.000011444091796875,"z":0.0},"rotation":{"x":-0.010089307092130185,"y":0.9851274490356445,"z":0.15950718522071839,"w":0.06431347131729126},"size":40.6042366027832,"orthographic":true}