{"cameraMode":{"drawMode":0,"name":"Shaded","section":"Shading Mode"},"sceneLighting":false,"audioPlay":false,"sceneViewState":{"showFog":true,"showMaterialUpdate":true,"showSkybox":false,"showFlares":true,"showImageEffects":true,"showParticleSystems":true},"in2DMode":false,"pivot":{"x":-16.239871978759767,"y":-0.0626382827758789,"z":0.1864156723022461},"rotation":{"x":0.23836012184619904,"y":0.23746222257614137,"z":-0.0602300800383091,"w":0.9397730231285095},"size":65.95149230957031,"orthographic":false}