{"cameraMode":{"drawMode":0,"name":"Shaded","section":"Shading Mode"},"sceneLighting":false,"audioPlay":false,"sceneViewState":{"showFog":true,"showMaterialUpdate":true,"showSkybox":false,"showFlares":true,"showImageEffects":true,"showParticleSystems":true},"in2DMode":false,"pivot":{"x":-7.072720527648926,"y":-0.1407489776611328,"z":0.6330573558807373},"rotation":{"x":0.9864538908004761,"y":-0.00955536775290966,"z":0.062229055911302569,"w":0.1515088826417923},"size":26.371706008911134,"orthographic":true}