{"cameraMode":{"drawMode":0,"name":"Shaded","section":"Shading Mode"},"sceneLighting":false,"audioPlay":false,"sceneViewState":{"showFog":true,"showMaterialUpdate":true,"showSkybox":false,"showFlares":true,"showImageEffects":true,"showParticleSystems":true},"in2DMode":false,"pivot":{"x":4.75,"y":2.950000047683716,"z":0.6100000739097595},"rotation":{"x":0.06235865503549576,"y":-0.8978930711746216,"z":0.1351504623889923,"w":0.4142906367778778},"size":5.990408897399902,"orthographic":true}