{"cameraMode":{"drawMode":0,"name":"Shaded","section":"Shading Mode"},"sceneLighting":false,"audioPlay":false,"sceneViewState":{"showFog":true,"showMaterialUpdate":true,"showSkybox":false,"showFlares":true,"showImageEffects":true,"showParticleSystems":true},"in2DMode":false,"pivot":{"x":0.0012722015380859376,"y":-4.322717666625977,"z":34.547908782958987},"rotation":{"x":-0.013173837214708329,"y":-0.047981683164834979,"z":-0.0006568756652995944,"w":0.9987794160842896},"size":258.79736328125,"orthographic":false}