{"cameraMode":{"drawMode":0,"name":"Shaded","section":"Shading Mode"},"sceneLighting":false,"audioPlay":false,"sceneViewState":{"showFog":true,"showMaterialUpdate":true,"showSkybox":false,"showFlares":true,"showImageEffects":true,"showParticleSystems":true},"in2DMode":false,"pivot":{"x":0.0,"y":1.8000030517578126,"z":93.85249328613281},"rotation":{"x":0.0060065737925469879,"y":-0.033887267112731937,"z":-0.00019244900613557547,"w":0.9996469616889954},"size":152.3216094970703,"orthographic":true}