{"cameraMode":{"drawMode":0,"name":"Shaded","section":"Shading Mode"},"sceneLighting":false,"audioPlay":false,"sceneViewState":{"showFog":true,"showMaterialUpdate":false,"showSkybox":true,"showFlares":true,"showImageEffects":true,"showParticleSystems":true},"in2DMode":false,"pivot":{"x":10.650001525878907,"y":2.384185791015625e-7,"z":0.0},"rotation":{"x":-0.4818144738674164,"y":-0.07213788479566574,"z":-0.03983958065509796,"w":0.8723897337913513},"size":36.507354736328128,"orthographic":false}