{"cameraMode":{"drawMode":0,"name":"Shaded","section":"Shading Mode"},"sceneLighting":false,"audioPlay":false,"sceneViewState":{"showFog":true,"showMaterialUpdate":false,"showSkybox":true,"showFlares":true,"showImageEffects":true,"showParticleSystems":true},"in2DMode":false,"pivot":{"x":-15.0,"y":33.70223617553711,"z":0.0000019073486328125},"rotation":{"x":0.19103682041168214,"y":-0.449662983417511,"z":0.09908700734376908,"w":0.8668964505195618},"size":126.53075408935547,"orthographic":false}