{"cameraMode":{"drawMode":0,"name":"Shaded","section":"Shading Mode"},"sceneLighting":false,"audioPlay":false,"sceneViewState":{"showFog":true,"showMaterialUpdate":true,"showSkybox":false,"showFlares":true,"showImageEffects":true,"showParticleSystems":true},"in2DMode":false,"pivot":{"x":27.27726173400879,"y":-8.26003646850586,"z":0.0},"rotation":{"x":-0.0008935219375416637,"y":0.9928288459777832,"z":-0.11971673369407654,"w":-0.009825199842453003},"size":90.87168884277344,"orthographic":true}