{"cameraMode":{"drawMode":0,"name":"Shaded","section":"Shading Mode"},"sceneLighting":false,"audioPlay":false,"sceneViewState":{"showFog":true,"showMaterialUpdate":true,"showSkybox":false,"showFlares":true,"showImageEffects":true,"showParticleSystems":true},"in2DMode":false,"pivot":{"x":-65.0999984741211,"y":3.7734670639038088,"z":27.67901611328125},"rotation":{"x":0.008993764407932759,"y":-0.03719385713338852,"z":0.00033527446794323623,"w":0.9992731213569641},"size":32.175140380859378,"orthographic":true}