{"cameraMode":{"drawMode":0,"name":"Shaded","section":"Shading Mode"},"sceneLighting":false,"audioPlay":false,"sceneViewState":{"showFog":true,"showMaterialUpdate":true,"showSkybox":false,"showFlares":true,"showImageEffects":true,"showParticleSystems":true},"in2DMode":false,"pivot":{"x":-26.200000762939454,"y":18.900001525878908,"z":1004.0},"rotation":{"x":-0.0733792781829834,"y":-0.0404120534658432,"z":-0.0029497924260795118,"w":0.9965358376502991},"size":41.66282653808594,"orthographic":true}