{"cameraMode":{"drawMode":0,"name":"Shaded","section":"Shading Mode"},"sceneLighting":false,"audioPlay":false,"sceneViewState":{"showFog":true,"showMaterialUpdate":true,"showSkybox":false,"showFlares":true,"showImageEffects":true,"showParticleSystems":true},"in2DMode":false,"pivot":{"x":-15.121940612792969,"y":-0.0626382827758789,"z":-0.44051170349121096},"rotation":{"x":0.23836012184619904,"y":0.23746222257614137,"z":-0.0602300800383091,"w":0.9397730231285095},"size":59.96503448486328,"orthographic":false}