{"cameraMode":{"drawMode":0,"name":"Shaded","section":"Shading Mode"},"sceneLighting":false,"audioPlay":false,"sceneViewState":{"showFog":true,"showMaterialUpdate":true,"showSkybox":false,"showFlares":true,"showImageEffects":true,"showParticleSystems":true},"in2DMode":false,"pivot":{"x":-5.015150547027588,"y":27.583370208740236,"z":17.573970794677736},"rotation":{"x":0.7154605984687805,"y":0.01047817338258028,"z":-0.010732716880738736,"w":0.6984924674034119},"size":199.95150756835938,"orthographic":true}