{"cameraMode":{"drawMode":0,"name":"Shaded","section":"Shading Mode"},"sceneLighting":false,"audioPlay":false,"sceneViewState":{"showFog":true,"showMaterialUpdate":true,"showSkybox":false,"showFlares":true,"showImageEffects":true,"showParticleSystems":true},"in2DMode":false,"pivot":{"x":-4.0,"y":29.509998321533204,"z":69.69999694824219},"rotation":{"x":0.7154605984687805,"y":0.01047817338258028,"z":-0.010732716880738736,"w":0.6984924674034119},"size":43.42585754394531,"orthographic":true}