{"cameraMode":{"drawMode":0,"name":"Shaded","section":"Shading Mode"},"sceneLighting":false,"audioPlay":false,"sceneViewState":{"showFog":true,"showMaterialUpdate":true,"showSkybox":true,"showFlares":true,"showImageEffects":true,"showParticleSystems":true},"in2DMode":false,"pivot":{"x":-79.01219940185547,"y":29.00000762939453,"z":257.0000305175781},"rotation":{"x":0.21056419610977174,"y":-0.5996151566505432,"z":0.167481929063797,"w":0.7537369728088379},"size":17.74891471862793,"orthographic":false}