{"cameraMode":{"drawMode":0,"name":"Shaded","section":"Shading Mode"},"sceneLighting":false,"audioPlay":false,"sceneViewState":{"showFog":true,"showMaterialUpdate":true,"showSkybox":false,"showFlares":true,"showImageEffects":true,"showParticleSystems":true},"in2DMode":false,"pivot":{"x":-26.200000762939454,"y":18.899999618530275,"z":1004.0},"rotation":{"x":0.08809707313776016,"y":0.5723685622215271,"z":-0.06211486831307411,"w":0.8129114508628845},"size":38.50830841064453,"orthographic":true}