{"cameraMode":{"drawMode":0,"name":"Shaded","section":"Shading Mode"},"sceneLighting":false,"audioPlay":false,"sceneViewState":{"showFog":true,"showMaterialUpdate":false,"showSkybox":true,"showFlares":true,"showImageEffects":true,"showParticleSystems":true},"in2DMode":false,"pivot":{"x":0.0000019073486328125,"y":-1.0500001907348633,"z":147.94696044921876},"rotation":{"x":0.3379460871219635,"y":-0.31305131316185,"z":0.12030692398548126,"w":0.8793848156929016},"size":107.01558685302735,"orthographic":false}