{"cameraMode":{"drawMode":0,"name":"Shaded","section":"Shading Mode"},"sceneLighting":false,"audioPlay":false,"sceneViewState":{"showFog":true,"showMaterialUpdate":true,"showSkybox":false,"showFlares":true,"showImageEffects":true,"showParticleSystems":true},"in2DMode":false,"pivot":{"x":38.70000076293945,"y":14.5,"z":46.29999923706055},"rotation":{"x":0.004972947295755148,"y":0.9947907328605652,"z":0.05375097319483757,"w":-0.0876142680644989},"size":44.519744873046878,"orthographic":true}