{"cameraMode":{"drawMode":0,"name":"Shaded","section":"Shading Mode"},"sceneLighting":false,"audioPlay":false,"sceneViewState":{"showFog":false,"showMaterialUpdate":false,"showSkybox":false,"showFlares":false,"showImageEffects":false,"showParticleSystems":false},"in2DMode":false,"pivot":{"x":-15.634052276611329,"y":4.886751174926758,"z":-2.120483875274658},"rotation":{"x":0.13972334563732148,"y":-0.12441900372505188,"z":0.017699863761663438,"w":0.9821852445602417},"size":58.23931884765625,"orthographic":false}