{"cameraMode":{"drawMode":0,"name":"Shaded","section":"Shading Mode"},"sceneLighting":false,"audioPlay":false,"sceneViewState":{"showFog":true,"showMaterialUpdate":true,"showSkybox":false,"showFlares":true,"showImageEffects":true,"showParticleSystems":true},"in2DMode":false,"pivot":{"x":-4.76837158203125e-7,"y":1.217083215713501,"z":0.024041175842285157},"rotation":{"x":-0.07976288348436356,"y":0.89093017578125,"z":0.17338666319847108,"w":0.41248616576194765},"size":2.6505818367004396,"orthographic":true}