{"cameraMode":{"drawMode":0,"name":"Shaded","section":"Shading Mode"},"sceneLighting":false,"audioPlay":false,"sceneViewState":{"showFog":true,"showMaterialUpdate":true,"showSkybox":false,"showFlares":true,"showImageEffects":true,"showParticleSystems":true},"in2DMode":false,"pivot":{"x":42.70000076293945,"y":0.00000286102294921875,"z":-9.5367431640625e-7},"rotation":{"x":0.01974112167954445,"y":0.9794289469718933,"z":-0.16456282138824464,"w":0.11570438742637634},"size":47.58000946044922,"orthographic":true}