{"cameraMode":{"drawMode":0,"name":"Shaded","section":"Shading Mode"},"sceneLighting":false,"audioPlay":false,"sceneViewState":{"showFog":true,"showMaterialUpdate":true,"showSkybox":false,"showFlares":true,"showImageEffects":true,"showParticleSystems":true},"in2DMode":false,"pivot":{"x":-0.1269683837890625,"y":-0.001468658447265625,"z":148.77587890625},"rotation":{"x":0.06591375172138214,"y":-0.034419868141412738,"z":0.0022703621070832016,"w":0.9972400069236755},"size":220.42637634277345,"orthographic":true}