{"cameraMode":{"drawMode":0,"name":"Shaded","section":"Shading Mode"},"sceneLighting":false,"audioPlay":false,"sceneViewState":{"showFog":true,"showMaterialUpdate":true,"showSkybox":false,"showFlares":true,"showImageEffects":true,"showParticleSystems":true},"in2DMode":false,"pivot":{"x":17.510000228881837,"y":-1.0519037246704102,"z":0.8438035249710083},"rotation":{"x":0.5045738220214844,"y":-0.0051804776303470139,"z":0.003027624450623989,"w":0.8633487224578857},"size":20.733325958251954,"orthographic":true}