{"cameraMode":{"drawMode":0,"name":"Shaded","section":"Shading Mode"},"sceneLighting":false,"audioPlay":false,"sceneViewState":{"showFog":true,"showMaterialUpdate":false,"showSkybox":true,"showFlares":true,"showImageEffects":true,"showParticleSystems":true},"in2DMode":false,"pivot":{"x":0.0019249916076660157,"y":0.04351341724395752,"z":0.09451627731323242},"rotation":{"x":-0.4818144738674164,"y":-0.07213788479566574,"z":-0.03983958065509796,"w":0.8723897337913513},"size":33.919471740722659,"orthographic":false}