{"cameraMode":{"drawMode":0,"name":"Shaded","section":"Shading Mode"},"sceneLighting":false,"audioPlay":false,"sceneViewState":{"showFog":true,"showMaterialUpdate":true,"showSkybox":false,"showFlares":true,"showImageEffects":true,"showParticleSystems":true},"in2DMode":false,"pivot":{"x":0.06282424926757813,"y":5.368316650390625,"z":27.830162048339845},"rotation":{"x":0.09216690808534622,"y":-0.21336860954761506,"z":0.020223433151841165,"w":0.9724065065383911},"size":89.24504089355469,"orthographic":true}