{"cameraMode":{"drawMode":0,"name":"Shaded","section":"Shading Mode"},"sceneLighting":false,"audioPlay":false,"sceneViewState":{"showFog":true,"showMaterialUpdate":true,"showSkybox":false,"showFlares":true,"showImageEffects":true,"showParticleSystems":true},"in2DMode":false,"pivot":{"x":-26.200000762939454,"y":18.899999618530275,"z":1004.0},"rotation":{"x":0.028711050748825074,"y":0.7277743816375732,"z":-0.0306392814964056,"w":0.6845750212669373},"size":38.50830841064453,"orthographic":true}