{"cameraMode":{"drawMode":0,"name":"Shaded","section":"Shading Mode"},"sceneLighting":false,"audioPlay":false,"sceneViewState":{"showFog":true,"showMaterialUpdate":true,"showSkybox":false,"showFlares":true,"showImageEffects":true,"showParticleSystems":true},"in2DMode":false,"pivot":{"x":17.510000228881837,"y":-1.3700001239776612,"z":1.5199999809265137},"rotation":{"x":0.026591239497065545,"y":-0.8314340710639954,"z":0.03994002565741539,"w":0.5535643696784973},"size":13.587165832519532,"orthographic":true}