{"cameraMode":{"drawMode":0,"name":"Shaded","section":"Shading Mode"},"sceneLighting":true,"audioPlay":false,"sceneViewState":{"showFog":true,"showMaterialUpdate":false,"showSkybox":true,"showFlares":true,"showImageEffects":true,"showParticleSystems":true},"in2DMode":false,"pivot":{"x":-0.4405350685119629,"y":7.236058235168457,"z":-2.0999956130981447},"rotation":{"x":0.22167785465717317,"y":-0.0847121998667717,"z":0.019336748868227006,"w":0.9712409377098084},"size":89.0078353881836,"orthographic":false}