{"cameraMode":{"drawMode":0,"name":"Shaded","section":"Shading Mode"},"sceneLighting":false,"audioPlay":false,"sceneViewState":{"showFog":true,"showMaterialUpdate":false,"showSkybox":true,"showFlares":true,"showImageEffects":true,"showParticleSystems":true},"in2DMode":false,"pivot":{"x":16.16911506652832,"y":1.0868101119995118,"z":-4.148629188537598},"rotation":{"x":-0.3522161841392517,"y":0.41845759749412539,"z":-0.18029648065567017,"w":-0.8175147175788879},"size":51.82251739501953,"orthographic":false}